Year,Afghanistan,Albania,Algeria,Andorra,Angola,Anguilla,Antigua and Barbuda,Argentina,Armenia,Aruba,Australia,Austria,Azerbaijan,Bahamas,Bahrain,Bangladesh,Barbados,Belarus,Belgium,Belize,Benin,Bermuda,Bhutan,Bolivia,"Bonaire, Saint Eustatius and Saba",Bosnia and Herzegovina,Botswana,Brazil,British Virgin Islands,Brunei Darussalam,Bulgaria,Burkina Faso,Burundi,Cambodia,Cameroon,Canada,Cape Verde,Cayman Islands,Central African Republic,Chad,Chile,China,Colombia,Comoros,Congo,Cook Islands,Costa Rica,Côte d'Ivoire,Croatia,Cuba,Curaçao,Cyprus,Czech Republic,Democratic Republic of the Congo,Denmark,Djibouti,Dominica,Dominican Republic,Ecuador,Egypt,El Salvador,Equatorial Guinea,Eritrea,Estonia,Ethiopia,Faeroe Islands,Falkland Islands (Malvinas),Fiji,Finland,France,French Guiana,French Polynesia,Gabon,Gambia,Georgia,Germany,Ghana,Gibraltar,Greece,Greenland,Grenada,Guadeloupe,Guatemala,Guinea,Guinea-Bissau,Guyana,Haiti,Honduras,Hong Kong,Hungary,Iceland,India,Indonesia,Iran,Iraq,Ireland,Israel,Italy,Jamaica,Japan,Jordan,Kazakhstan,Kenya,Kiribati,Kosovo,Kuwait,Kyrgyzstan,Laos,Latvia,Lebanon,Lesotho,Liberia,Libya,Liechtenstein,Lithuania,Luxembourg,Macao,Macedonia (Republic of),Madagascar,Malawi,Malaysia,Maldives,Mali,Malta,Marshall Islands,Martinique,Mauritania,Mauritius,Mexico,Micronesia (Federated States of),Moldova,Mongolia,Montenegro,Montserrat,Morocco,Mozambique,Myanmar,Namibia,Nauru,Nepal,Netherlands,New Caledonia,New Zealand,Nicaragua,Niger,Nigeria,Niue,North Korea,Norway,Occupied Palestinian Territory,Oman,Pakistan,Palau,Panama,Papua New Guinea,Paraguay,Peru,Philippines,Poland,Portugal,Qatar,Republic of South Sudan,Réunion,Romania,Russian Federation,Rwanda,Saint Helena,Saint Kitts and Nevis,Saint Lucia,Saint Pierre and Miquelon,Saint Vincent and the Grenadines,Samoa,Sao Tome and Principe,Saudi Arabia,Senegal,Serbia,Seychelles,Sierra Leone,Singapore,Slovakia,Slovenia,Solomon Islands,Somalia,South Africa,South Korea,Spain,Sri Lanka,Sudan,Suriname,Swaziland,Sweden,Switzerland,Syria,Taiwan,Tajikistan,Tanzania,Thailand,Timor-Leste,Togo,Tonga,Trinidad and Tobago,Tunisia,Turkey,Turkmenistan,Turks and Caicos Islands,Tuvalu,Uganda,Ukraine,United Arab Emirates,United Kingdom,United States of America,Uruguay,Uzbekistan,Vanuatu,Venezuela,Vietnam,Wallis and Futuna Islands,Western Sahara,Yemen,Zambia,Zimbabwe
1990,2.6024,5.5107,76.7366,0.4067,5.0887,0.051296,0.28213,111.89,18.1158,0.48731,278.4244,62.3226,51.6911,1.8393,12.4054,14.0819,1.0702,104.1385,120.4818,0.31144,0.68068,0.50197,0.12824,5.7268,0.2412,19.4459,2.7004,206.9211,0.065952,6.1885,76.5418,0.58258,0.20885,1.2604,0.62663,462.5022,0.095264,,0.19786,0.37739,32.8822,2420.3021,56.8977,0.062288,1.1794,0.03664,2912,4.7815,23.3371,32.7356,4.6424,4.6545,164.2036,4.2499,53.5576,0.32243,0.058624,9.1517,16.7106,75.2189,2.4745,0.062288,,37.0668,2.9858,0.70349,,0.80602,56.9719,400.8636,,0.43602,4.4854,0.19786,27.5108,1052.5201,3.7915,,83.3754,0.34808,0.10626,,4.9702,1.0039,0.17221,1.1395,0.99436,2.5468,27.1471,73.4447,2.2374,616.5792,150.2859,209.2383,49.0568,32.8912,35.8231,439.6397,7.5271,1158.5149,10.4779,266.6081,5.6861,0.021984,,37.8058,21.1941,0.51296,19.5049,7.8679,1.4729,0.46814,36513,0.19897,35.7872,11.8477,1.0332,14.2729,0.92916,0.73902,56.86,0.17221,0.42309,1.9433,,,0.85371,1.4619,317.0423,,27.7488,9.89,1.9177,0.029312,23.0406,1.0152,4.2348,,0.12458,0.76674,162.4282,1.5768,25.4552,2.0439,0.60262,38.8572,0.007328,122.4,35323,0.86104,11.2224,67.8284,,2.7462,2.1544,2.1356,20.9525,41.3495,376.9516,45.6307,11.7437,0.43479,,169.4307,2525.5015,0.52332,0.007328,0.10626,0.16122,0.0916,0.080608,0.10259,0.047632,185.4853,3139,56.4359,0.15022,0.48731,44.2906,61.5772,15.0938,0.14656,0.72957,312.9722,247.4382,231.0614,3.8295,4.7678,1738,0.96363,57446,44.1625,37.0453,120.4397,10.1213,2111,89.3058,,0.97267,0.076944,16.9825,13.1271,151.5085,41.0286,0.029312,0.007328,0.76319,705.8322,51.7026,600.7729,5121.1794,3.9671,109.8573,0.065952,121822,21.1999,,,9.5214,2.4058,15.5693
1991,2.4265,4.2832,78.8054,0.4067,5.0629,0.051296,0.26747,116845,18.8186,0.53128,279.8724,65.9315,50.9498,1843,11.8553,14.7411,1.2021,97.0436,123.5432,0.4067,0.79213,0.53861,0.17612,5974,0.19247,13.7742,2.6344,217.2277,0.07328,5.3055,61.1259,0.62654,0.23816,1.3044,0.056431,452.5346,0.098928,,0.20518,0.38472,31.1366,2538924,56.6541,0.065952,1255,0.03664,3.2873,4.3089,17.1892,28899,3.7045,5.1442,148.8936,3.1326,64.1748,0.33709,0.058624,9.9526,16.3776,77.2948,3.1532,0.065952,,34.0355,2.9571,0.65586,,0.66312,55.2304,426.2683,,0.43235,4522,0.19786,21.39,1014.44,4.2095,,83.3509,0.34808,0.10992,,4952,1.0259,0.17587,1.1212,0.97613,2.6502,28.4627,69.7821,2.1177,656.7409,180.6221,225.9542,45.1853,33.6203,36.1486,439.3446,7.7506,1170.0475,9.9029,257.2426,4.7104,0.021984,,14.9154,18.5889,0.54594,17.7836,8.1149,1.5279,0.37006,42.6192,0.20633,37.8833,12.4661,1.0919,10.1153,1.0097,0.78473,68.2068,0.15389,0.43407,2.1122,,,0.86837,1.5206,330.1332,,22385,12121,1.3591,0.029312,24.3223,1.0151,4.1367,1.0552,0.12458,1.0725,170.8424,1758,26.1196,1.9879,0.56963,41.9291,0.007328,117.2266,33.8175,0.88302,11.5937,67.4779,,3.2223,2.1691,2.1034,20.1747,43.4712,374.2675,47.2464,17.6453,0.40731,,139883,2396.1856,0.47179,0.007328,0.10626,0.16854,0.10259,0.084272,0.10626,0.047632,267.3862,3378,39.9402,0.17221,0.54594,45.0494,53.3826,14.0012,0.14656,0.7065,326.0689,262.0383,240.6562,4137,4.4654,2.0238,0.8757,57.6781,46.1405,42.2007,130616,9.1057,2.2536,98.2631,,1.0485,0.095264,16.9683,15.3629,157982,35.5389,0.029312,0.007328,0.78321,632.5388,56.6723,608.6209,5071.5639,4.5275,112.6772,0.065952,115.0525,21.2629,,,9.1286,2.3821,15.8653
1992,1.3815,2.5135,79.8818,0.4067,5165,0.05496,0.26381,121.0167,5.8599,0.53861,284.9121,60.4416,56.1758,1.8503,10.8738,15.3796,0.97497,89.9937,122.6559,0.35541,0.86494,0.46166,0.20538,6622,0.15857,15.0276,2.7773,218.3833,0.084272,5.2102,56.9178,0.63021,0.21618,1.3484,2726,466.7076,0.10626,,0.21618,0.4067,32.2023,2657.1124,61.4947,0.065952,1.5614,0.03664,3.7412,3.8435,16.5125,21.0203,3052,5.5202,144.6181,2.8092,58.3647,0.33709,0.058624,10.8224,22.1573,79.9395,3.3168,0.065952,,24.5123,2.9373,0.64853,,0.74,54.2855,415.6285,,0.41403,4.9176,0.19786,15.2769,966.1768,3.6609,,84.9158,0.3261,0.11725,,5.9179,1.0589,0.17954,1.0479,0.88788,3.0302,32.9171,62.4209,2263,698.7569,203.5774,226957,58.8893,33.4308,42083,437.2512,7.7108,1179.7515,11.9831,233.0496,5.4021,0.025648,,29.6469,11.0821,0.59289,14.0804,9727,1.5865,0.38773,37025,0.20695,21.1871,12218,1.0809,11.0286,0.98038,0.78527,74.3425,0.23083,0.44871,2.3054,0.076944,,0.90501,1.7074,332.7801,0.098928,20.9781,10.9939,1.4818,0.029312,25.5321,1.0013,4.8416,1.1505,0.12091,1.2902,170.6806,1.5747,28.1139,2.3736,0.52866,46.2651,0.007328,102.9626,34737,916,11893,72.0151,0.19786,4.2259,2.1911,2.5799,20.3109,48.2938,364.6754,51.5156,26.9966,0.36457,,130.8035,1957863,0.47895,0.007328,0.10992,0.15022,0.095264,0.084272,0.10992,0.047632,285.0742,3.4234,43.6864,0.17221,0.45067,48.2127,48.9757,14.0067,0.1429,0.67954,301.3682,282.1943,249.3615,5106,3.9878,2.0311,0.83539,57.3916,46.0157,42.5611,139.1358,7.2946,2.1763,107.8386,,1.0307,0.069616,19.1042,14.8918,163.9222,31.9954,0.032976,0.007328,0.8015,589.0622,57.7577,593.0948,5174.6706,5.1429,111.1127,0.062288,105.5781,21.3237,,,9.8742,2.4241,16.9174
1993,1.3338,2334,81.9424,0.41037,5.7484,0.065952,0.27114,117.5647,2.5736,0.64853,289.2349,60.8061,48.4083,1.7587,14.6098,16.0621,1.0993,77.6187,121.5553,0.37739,1.0867,0.53861,0.17303,7.7918,0.24478,12.5794,3195,228.3332,0.087936,4.9647,57.5615,0.62654,0.22717,1385,2.8796,466.5777,0.10992,,0.2235,0.40304,34.2594,2835.7955,63.3378,0.069616,1532,0.040304,3891,5093,16.9659,19787,4.7114,5.7643,138.6361,2.6615,60.6122,0.33709,0.062288,11.6672,24.0874,92.2776,3.9753,0.069616,,19.0637,2.9948,0.58258,,0.74362,56.3526,395.7472,,0.42502,4.9748,0.20885,9.9163,956.5175,4.3107,,84.2295,0.32243,0.12091,,5.5772,1.0882,0.1832,1.0479,0.68546,2.7977,34.7782,63.5528,2421,722.8943,219.7623,235.5766,63.1298,33.6617,44.2342,430.5453,8.0003,1172.7209,11.7741,204.8565,6.2152,0.029312,,49.1294,8.5016,0.60755,11.8189,10355,1.6341,0.42436,38709,0.21503,16.3321,12.3613,1.1798,10.1676,1006,0.87914,90.6902,0.19786,0.45969,2.3181,0.084272,,0.92699,1.7734,338.0672,0.098928,15.8458,9.2626,1.2903,0.029312,27.6055,1.0752,5.3018,1.3887,0.11358,1.4698,170.8696,1.8275,27.7083,2.2834,0.60194,44.8134,0.007328,94.8685,36.2238,0.93432,13.2247,77.1766,0.19786,3.8996,2.1911,2.9141,23.4785,48.9292,365.1,50.13,30985,0.25159,,122.8606,1859648,0.48241,0.010992,0.11358,0.23083,0.07328,0.10259,0.10992,0.047632,313.3274,3538,38.0993,0.1832,0.45434,50.8711,46.4289,14.3035,0.1429,0.63922,320.7087,321.8378,241.0085,4.9756,2745,2.0384,0.71082,57.3404,43605,45.2217,152.1717,5.1614,2425,121.2135,,1.0689,0.084272,17.9211,16.3539,171.0112,27.5175,0.040304,0.007328,0.80146,510.2014,65.5654,579.0356,5281.3866,4.4392,115.7016,0.062288,123.9679,22.7106,,,8626,2.4672,16.2591
1994,1.2825,1.9236,86.1467,0.4067,3.8656,0.065952,0.26747,122.01,2.7147,0.65952,294.0146,61.1993,41.9466,1.7477,14.7556,17.5379,0.74033,64.3752,124.9387,0.37373,1.2223,0.53128,0.20142,8.5924,0.23468,3.2044,3.0301,239.4705,0.098928,4.6899,55.9581,0.64486,0.2345,1.4671,2.8405,481.6471,0.11358,,0.2345,0.4067,37.7401,3010.2422,66.7906,0.069616,2.1391,0.040304,5.2003,4133,16225,21.2866,4.5169,6.0083,132.3744,1.6995,64.6739,0.32976,0.065952,12.3768,13.5385,84.5565,4.5139,0.076944,0.70683,19.8986,2.1969,0.57525,,0.7386,61.7162,390531,,0.43968,4.3745,0.20885,6069,939.9084,5.0887,,86392,0.29678,0.1429,,6.7508,1.1248,0.1832,1385,0.1832,3.2917,31079,61.8974,2.3619,764.2421,222.8542,263.5204,71.0892,34.7841,47.4744,424.8106,8191,1227.6357,13.2495,170.5609,6.4204,0.029312,,55.2258,6.1458,0.63319,10297,11.1109,1.6744,0.42136,43753,0.20111,15.7482,11.5522,1.2714,10.2922,1.2461,0.90467,92.9945,0.19786,0.46766,2.4841,0.084272,,0.9563,1.6232,351.5282,0.10259,12427,7.9271,1.2552,0.032976,28.9829,1.0572,6.1962,1.5719,0.10992,1.7001,171.4561,1.9704,27.8892,2.5179,0.57992,34.9338,0.007328,86.7195,38.0873,0.9673,15.0535,84.0193,0.19786,4292,2.1801,3.4043,23.1193,54.1233,360694,50.8832,30.7044,0.34533,,122.0064,1641541,0.46103,0.010992,0.12091,0.25648,0.069616,0.12091,0.11358,0.047632,307.4732,3.8367,37.0418,0.20152,0.47998,61.3446,43.8264,14.6427,0.13923,0.62822,338.8043,344.2638,253.5327,5.4358,3.7839,2.0417,1.0809,59.7846,42.6789,46.1898,157.8755,2.3474,2.0636,134.5066,,1.0049,0.0916,17386,15.7761,167.4331,33.4425,0.043968,0.007328,0.71116,419.2676,72.6046,575.1663,5375.0338,4.0299,108.1156,0.062288,129.5308,26.0186,,,8.9826,2393,17.6845
1995,1.2311,2.0848,94982,0.42502,10.9483,0.065952,0.2748,127.5985,3.4323,0.70715,305.4098,64.2682,33.3111,1.7404,14.7871,21.0416,0.80628,57.9496,126.0804,0.37739,1.2736,0.53128,0.23614,9799,0.23224,3.4028,3.0448,255.5836,0.10992,4.7852,57.5726,0.62387,0.23816,1.5403,3.2035,494.2411,0.12091,,0.2345,0.42136,41.09,3265057,58.7754,0.07328,1.5558,0.040304,4.8019,6.1155,16.9333,25.5862,4.4698,5.8793,131606,2.1037,61.5844,0.32976,0.080608,15.7714,22.6979,94.8884,4.9982,0.084272,0.79041,18.2016,2.5057,0.57158,,0.75389,58.1454,397.5655,,0.42869,4.6063,0.21618,2.2914,939.5428,5.1542,,86.9456,0.32243,0.15022,,7.0793,1.1652,0.1832,1.4619,0.8757,3.8265,31.2664,61.6268,2.4651,811.4609,226.5452,271.1475,74.0842,35.8048,49.8652,451.4332,9.1734,1239.9982,13.2077,162.7997,7.4055,0.029312,,54589,4511,0.66983,9.0905,12.2546,1.7074,0.42436,45.6911,0.2042,15.0041,9.1599,1.2311,10.6842,1.2864,0.90696,119.9791,0.24915,0.47132,2.4768,0.087936,,1.0149,1.8283,331.5966,0.10626,11.4054,7.8994,1.3259,0.032976,29619,1.1085,6.9063,1.6195,0.10626,2.4064,173.03,2.0643,28.0106,2.7548,0.5616,33.4172,0.007328,81.2599,38.7038,0.94531,15.7188,83.6151,0.19786,2.9396,2.0592,3.9371,23.6822,59.9488,362.4223,54854,31.7171,0.35785,,126.9836,1613.0778,0.45367,0.010992,0.12824,0.30778,0.069616,0.12824,0.11725,0.047632,234.7121,3429,39.1426,0.19786,0.37373,41.8418,44.2672,15.2546,0.1429,0.5879,361.8612,373.9924,267.2268,5.8155,3.9007,2.06,1.0626,59.1996,43.4144,41.2002,165.6482,2.4429,2.4337,156.6361,,1.1747,0.095264,16.9695,15.5488,180903,33.9322,0.047632,0.007328,0.93363,389.8658,70.0127,566.6572,5436698,4.5585,103.1401,0.065952,132.8747,28.5235,,,10.3522,2141,15.0294
1996,1.1651,2.0152,96.7861,0.45434,10.4248,0.069616,0.29312,134.6437,2.5927,0.72547,312.3612,67.6936,31.2416,1.7294,15.5896,21.4921,0.82474,59.2035,129.5792,0.30778,1.2311,0.52762,0.28512,9.7746,0.21724,4.2384,2.7553,281.1948,0.11725,4.7413,57972,0.70446,0.24182,1.5972,3.5924,509.6936,0.1429,,0.2345,0.43602,47.6284,3408.3466,59.7709,0.076944,1.71,0.047632,4.6867,7.3353,17.5242,26.8725,4.1813,6.2302,134.9596,2.3118,74.8321,0.33342,0.07328,17.1977,24.0255,93.5675,4.4147,0.12824,0.86067,18923,2.7947,0.6009,,0.81317,64.0624,413.0784,,0.43235,4.7537,0.21984,4.0551,959.6063,5.4686,,89.0986,0.36274,0.15389,,6.5703,1.2348,0.1832,1.5169,1.0186,3.8907,28.9096,63.1879,2.5201,878.8271,255.0688,274.0077,69.2844,37.4214,51.9358,444.1862,9.6876,1252.0709,13.8264,149.0617,9155,0.029312,,49.9136,5.6642,0.75092,9.1707,12.7527,1.7367,0.43467,43.7968,0.20595,15.6588,9.2087,1407,11.7321,1.3406,0.90426,123.9098,0.28946,0.49329,2.4359,0.087936,,1.0626,1.9492,345.7661,0.10626,11.6871,8.0233,1552,0.03664,30.4064,1.0904,7.2036,1.7221,0.10259,2.4553,182.4506,2.1851,29.3055,2.8474,0.64217,36.7882,0.007328,71.6379,41.8236,1.0369,14.8827,93.5375,0.19786,4575,2.1874,3.7188,24184,61.2537,376.4413,52.1586,32.2038,0.36915,,130.0673,1580299,0.46486,0.010992,0.1319,0.32243,0.069616,0.1319,0.12458,0.047632,258.2636,3.6632,45.8262,0.2345,0.42502,49.3492,44.1281,15.9169,0.1429,0.56792,363.9992,401.5296,254.6366,6.9701,4.0254,2082,0.95997,63154,44.0988,42.3222,173.7284,2.8225,2.5275,173.7286,,1.2652,0.076944,20.5301,16.5808,199.5219,30.6037,0.047632,0.007328,1.0397,351.4099,72.7748,588.3697,5625.0419,5.4045,106.0187,0.084272,122.3396,34.0229,,,10.5269,1837,14.8906
1997,1.0844,1.5425,87.0043,0.46533,7.3478,0.069616,0.30778,137.5581,3.2662,0.75845,320.7947,67.4636,29.8039,1.5279,17.2877,23.1262,0.89094,62.5485,124.0425,0.38838,1.1982,0.52395,0.37669,10.8831,0.22735,8.3653,2.7993,296.5855,0.11725,4.9317,55.5902,0.80269,0.24915,1.5251,3.1564,524.4334,0.14656,,0.24549,0.45067,55.4502,3414.5493,64.4965,0.080608,2.3393,0.047632,4.9167,7.0126,18.5856,24.5091,4.3757,6.3179,130.7291,1.8754,65.4318,0.34808,0.080608,17.9046,18.2051,107512,5.4166,0.30411,0.76768,18.4799,2.9793,0.5899,,0.78248,62723,405.9719,,0.45067,4.7742,0.2235,4.4251,931.7503,6.2042,,93.8042,0.38472,0.16854,,7.5016,1.2897,0.20152,1.5902,1.3484,4.0813,30.4975,61775,2.6156,915.0493,280.7363,267.0993,68.0788,38.7631,54.8639,448.8355,10.0682,1245.3198,14.0736,140.0128,8.1198,0.029312,,54.6706,5573,0.79115,8.6464,15.0994,1.7697,0.45366,44.7066,0.21836,15.0702,8.5656,1.4876,10.6256,1.6234,0.94737,123.6125,0.32976,0.52857,2.4816,0.087936,,1.0772,1.9969,368.6448,0.10992,7.3013,7.6884,1.6675,0.032976,31.1014,1.1705,7.4445,1.7697,0.10259,2.7595,175.2882,1.8187,31.3014,3.1136,0.64582,41.0096,0.007328,65.1583,41.9205,0.8647,15.2481,93.7876,0.19786,5.5933,2.5758,4128,27.2456,70.0626,367.7622,55.1769,37.3935,0.45128,,122.9573,1475.2908,0.4816,0.010992,0.1429,0.30411,0.047632,0.1319,0.12824,0.047632,215.7967,3.1823,49.2671,0.34075,0.39938,58.0718,44.2545,16.2451,0.1429,0.53861,385.7001,427.7861,267.1599,7.5196,4.9381,2.1039,1.2018,58.0866,43.0353,45.3772,186.9362,2.1489,2823,179.0595,,0.87899,0.098928,18.3325,16.7479,212.0056,30.5559,0.05496,0.007328,1.0874,340.2438,73.1007,562.2995,5701.9209,5.5131,107.0473,0.084272,133.4835,44.3092,,,11316,2.3536,14.2942
1998,1.0294,1.7514,106.6208,0.49098,7.2696,0.076944,0.31877,139.3545,3.3967,0.80608,334.6841,67.0667,31665,1.9089,18.3655,23.1983,1.1001,59.4118,130.2815,0.37006,1.1944,0.52029,0.36716,10.9239,0.012549,10.5513,3.3416,308.3055,0.12091,5.1589,53.1758,0.85763,0.24915,1.9354,3.1371,533101,0.15755,,0.24915,0.46166,56.8073,3265.9026,65.1577,0.087936,0.77677,0.047632,5.2355,6.5842,19.2896,24.3574,0.24153,6.6114,125.3134,1.6548,61.2019,0.34075,0.076944,18.2485,22.3147,121.4653,5.7317,0.1832,0.58581,16.9072,3.1474,0.62288,,0.76106,59.3733,425.4371,,0.44701,4.9573,0.24182,4.9386,923.8237,6.2459,,98.6248,0.35907,0.17587,,8.6394,1363,0.17221,1.6561,1.2311,4.5822,38924,61.3573,2.6354,933.5493,215.97,306.0063,72.1015,40.6592,56.0093,459.9077,9694,1205.5905,14.2519,135083,9.8961,0.029312,,51.5606,5.9131,0.82042,8.2811,16.2862,1.8027,0.48297,45.1589,0.22923,15888,7.6866,1.5572,12.6152,1.7107,0.92209,114.2375,0.30045,0.76944,2.4851,0.0916,,1.0699,2.1691,388.3569,0.11725,6.4438,7.6875,1.7556,0.029312,31.2597,1.1124,8.0371,1.8173,0.098928,2.2233,176.4032,1.81,29.8965,3.3919,0.69711,37.7453,0.007328,58.7688,42.2108,1.4619,16.2998,96742,0.19786,5.8897,2.8616,4.3839,27572,68253,338.5361,59.6689,32271,0.39113,,107.5318,1458299,0.48139,0.010992,0.15022,0.29312,0.05496,0.16122,0.1319,0.047632,207.2305,3.3332,51.8844,0.43235,0.39571,48.3564,44.0116,15.9613,0.1429,0.51296,377.3122,363.5483,275.6944,7.7363,4.2839,2.1039,1.2128,58.6402,44.6127,49.7575,197.6516,2.4944,2.4815,159.2394,,1.29,0.087936,19.0586,17.8085,212.0403,32025,0.058624,0.007328,1.2414,328.58,80.6825,567.4495,5749.8931,5.6401,118.9459,0.080608,166.8022,46.5548,,,12.0635,2.2792,14.1396
1999,0.80957,2.9825,91.6679,0.51296,9.1298,0.080608,0.32976,146.5103,3.0481,0.80974,344.0633,65737,28.5702,1.9529,17.9881,25.0755,1.1625,56.9957,124703,0.34808,1.5423,0.51296,0.37076,10376,0.094035,10.3339,3.1584,316.2824,0.12091,3.8032,46.2789,0.91417,0.25282,1.8943,2.9981,548939,0.1832,,0.26381,0.47632,60.9073,3258.1349,54.7612,0.0916,0.82074,0.047632,5439,5.9395,20.1271,25183,1.8099,6.8791,116.6184,1.3186,58.6209,0.34075,0.080608,18.3839,21365,124.4974,5.5872,0.48731,0.6151,15.7247,3095,0.63021,,0.77502,58.8948,421.6414,,0.49464,4787,0.2748,4.3098,896.3126,6.3695,,97.9417,0.37373,0.19419,,8807,1.4326,0.19419,1.6781,1.3117,4.6675,42.55,61.8387,2.8413,995.2331,243.9519,379627,71.6813,42.3868,54.7545,464.2907,9.9582,1242.1918,14.2654,108.0958,10.0293,0.029312,,53.8222,4.6468,0.84607,7.6965,16.4289,1.8247,0.39067,44.3033,0.22656,13.4075,8.1405,1.5169,11.7138,1.8169,0.92081,108.2914,0.42136,0.80242,2.5314,0.087936,,1.0955,2.4256,390.5165,0.10992,4.6845,7.5352,1.2107,0.029312,32.3523,1.1672,8.93,1.6635,0.0916,3.1898,170.9925,2.0555,31.4876,3.5984,0.68241,39.5868,0.007328,64.0994,42.9624,1.3667,20.5579,99.3904,0.19786,5.6103,2.4439,4.3759,29.1468,68.1767,328.8494,67.3002,31.2711,0.42411,,90.7499,1486.2506,0.50246,0.010992,0.16122,0.33342,0.05496,0.16488,0.13557,0.047632,225.9765,3.6036,35.7924,0.5093,0.37739,49.8705,43.1391,15.3374,0.15389,0.49098,374.8301,398.3253,299.1217,8.5175,4.6437,2.1222,1.2384,55819,44.4421,51.7714,205.3138,2.5155,2.4579,166.1435,,1.8504,0.10992,22.4768,18.1202,207.8042,37605,0.065952,0.007328,1.2904,298.2051,77.5426,560.4986,5829.52,6681,122.1935,0.084272,172.5625,46658,,,13.7247,1.7782,15.7277
2000,0.7682,3.0191,87.4427,0.52395,9.5151,0.087936,0.34442,141.7168,3.4914,2.3779,350.1946,66.3128,29.5063,1.9492,18.7938,26.5245,1.1516,55.4626,126.7691,0.39571,1574,0.51662,0.38169,11.0047,0.24951,13.7013,3.7776,324226,0.12458,4591,45.2112,1.0309,0.27114,1.9749,3.3458,571.5073,0.21618,,0.26747,0.48731,58.1137,3349.2948,56.2588,0.10259,1.0458,0.047632,5.3945,6.4633,19.6992,25.9442,4.8023,7.1273,127.0597,0.89277,54.2785,0.3664,0.10259,19.5936,20.5626,140.3476,5.6719,458,0.60408,15.3598,3.4638,0.68883,,0.83356,57.0382,416.0698,,0.56792,4.6699,0.2748,4.4994,900.3763,6.1005,,102.9823,0.45434,0.19053,,9.7658,1.4912,0.14656,1.6085,1341,4.9342,40.2839,58.5599,2934,1029.6378,265.8034,369.2635,71.7154,45.1999,59.5194,470.2938,10314,1264.9779,15.2,133.4072,10.3016,0.032976,,53.3841,4.6025,0.95818,7.0652,15.4663,1.8503,0.42177,46793,0.21685,11788,8.7286,1.6305,12.0546,1.8675,0.86484,126.5143,0.45067,0.83173,2.5257,0.098928,,1.1139,2.6894,396.0664,0.12458,3573,7.4868,1.5199,0.025648,33.5769,1.3228,10.0425,1.6415,0.084272,3038,171.9426,2.2216,32.2983,3.7211,0.69268,78.8231,0.007328,69166,42.5153,1.6598,21.5345,105.4184,0.20885,5717,2.6637,3.6061,30.0782,72.3464,318.2028,66128,34.5662,0.46075,,95.4274,1471.2345,0.51971,0.010992,0.17221,0.34808,0.05496,0.14656,0.1429,0.047632,296.3534,3.8093,44.9517,0.57158,0.38838,48.8563,41.2245,15.4451,0.15389,0.47998,378.2549,445.4407,310.8283,10.1338,5.0543,2.1918,1.1908,54.6776,43.6122,50.4815,221.9196,2.2321,2.5709,170.6976,,1.3314,0.095264,23.7661,19.6703,229.7906,37.4656,0.069616,0.007328,1.4017,285.3385,111.7881,567.1857,5997.2989,5.2672,121.4446,0.084272,151871,52.3321,,,14.4742,1.7851,13.8182
2001,0.81207,3.2207,83.7807,0.52395,9.6715,0.095264,0.34808,133.3106,3.5327,2.4072,357.6687,70.2747,28.7927,1.8686,14.0775,31035,1.1862,55.5643,126.1196,0.44701,1.7898,0.52762,0.36916,8.5606,0.25407,13.2638,3.8472,332.9874,0.12824,4.3895,48.9231,0.99169,0.20518,2.2497,3325,564.2309,0.2345,,0.24549,0.50197,52.5764,3426.1441,55.9389,0.10259,0.76578,0.032976,5.6659,7.3976,20.8171,25.3322,4.8902,7.0023,126.9525,0.76877,55.8674,0.3664,0.10992,19.5938,22.9395,124.2928,5.8582,4.3308,0.62599,15.7057,4.2634,0.76211,,1046,62.5362,420.7197,,0.67784,4773,0.30045,3.7337,916.9125,6.7326,,105369,0.4067,0.19419,,10.2332,1.5609,0.15022,1.5938,1.5527,5.6089,37.8018,60.1761,2.8627,1035.6403,297.5303,394.9314,84.5559,47562,63.0224,475.9657,10.5764,1250.3444,15.6105,127.6279,9.2357,0.029312,,57.4847,3.8623,1.0606,7475,16.4063,1876,0.44801,47.7738,0.21466,12.5008,9.2221,1.6854,11.9886,1.7355,0.79209,134.9481,0.46166,0.83906,2.4264,0.10259,,1.1725,2.8616,410.6979,0.16854,3.7866,7.8699,1.6668,0.025648,37.4258,1.5539,8.6802,2.0152,0.080608,3.2368,177.0824,1.8777,34476,3922,0.65164,86.7175,0.007328,71665,43.8668,1.3484,20.1059,107.1262,0.21618,6.9399,3206,3.6955,26.9287,70.3045,314.5956,65.7604,41.2145,0.53036,,100326,1507.7178,0.52142,0.010992,0.17587,0.34808,0.05496,0.17954,0.14656,0.051296,296.5749,4.1801,49267,0.63387,0.51296,49.4421,43.3204,16.3785,0.15755,0.50197,371.5167,448.5506,312.7371,10.3273,5.8155,2.3634,1.1468,55.6504,45.0762,48.1407,224.0305,2.2855,3.0396,182.4845,,1.1589,0.087936,26.2806,20.5453,213.4861,37.9998,0.07328,0.007328,1.4681,303.5607,100592,575.9891,5899.8555,5.0305,123.0297,0.087936,171.9742,59.5292,0.014656,,16.0167,1.8849,12.5092
2002,1.0641,3.7483,89.4067,0.53128,12.5975,0.095264,0.37006,124.3822,3.0768,2.4366,362.2091,72124,29.6419,1.9273,15.8677,31.9808,1.1996,55.6825,126305,0.43235,2.0532,0.55693,0.40171,10.3281,0.24495,14.1726,3.9754,327.4348,0.13557,4.2539,46.1671,1.0011,0.21251,2.2057,3324,570.5518,0.2748,,0.24549,0.5093,54.4903,3782.4393,55.4304,0.10259,0.57525,0.021984,6.2264,6.9579,21.9252,25.9656,4.7145,7.1929,123.8886,0.84996,55.5297,0.39938,0.10259,21.0743,24.7531,125.7814,6.0737,6.3497,0.60027,15.2309,4.4305,0.72547,,0.87945,65.0598,415.9322,,0.6815,4544,0.30045,3.3514,900.3873,7.2315,,105.0114,0.37739,0.20518,,10.7216,1.6232,0.15389,1.5792,1.8022,5.9902,39485,59.1791,2.9877,1047.5957,307.3615,397.7983,86.3209,46.0331,59.2997,477.5048,10.2026,1279.5555,16.4207,146.0162,7.8195,0.040304,,57.9799,4.9193,1.1632,7.5087,16.2445,1.9053,0.43468,47.4722,0.22001,12.6024,9.9987,1.5169,10926,1.2319,0.84665,136.3381,0.59357,0.85738,2.4209,0.10992,,1.2494,2.8836,411.9677,0.1429,4.0517,8.2625,1.7652,0.03664,38074,1.5385,9.1538,1.7587,0.076944,2.5951,176374,2.3934,34.6583,3.9908,0.69479,94.3047,0.007328,68.6429,42984,1.1542,25.2344,112.9036,0.21251,5.8073,3.4845,3.8573,26.9306,70.1551,306.6958,69.6044,40.7019,0.67601,,101.6986,1495.71,0.5195,0.010992,0.19786,0.28946,0.058624,0.18686,0.14656,0.058624,325.6812,4346,52.1483,0.53861,0.5345,47.1727,42.0509,16.5254,0.15755,0.58624,356.3574,463628,332.8934,10.9467,7.4159,1.5606,1.1322,56597,43459,38.4385,235.3601,1.8729,3487,192.0544,0.16122,1.3225,0.10259,28.5393,20.5586,220.9777,39.8896,0.098928,0.010992,1.5079,295.6751,83698,560.0562,5942.4214,4.5577,127.9397,0.084272,192.7464,68.6614,0.025648,,15.5535,1.9601,11897
2003,1.2054,4.2905,91.0482,0.53494,8.9884,0.10259,0.40304,134.6207,3.4556,2.5611,369.7256,77.7991,30.6267,1.9639,16.7706,33.4589,1.2453,57.1182,127.8064,0.43235,2.3276,0.56059,0.36113,11.0112,0.24511,14.3502,3.8252,317.5083,0.14656,4.4702,50.4155,1.0743,0.16122,2.3779,3.6985,587.4921,0.30778,,0.2345,0.74379,54.8842,4452.3103,57.0939,0.1319,916,0.029312,6.5286,5133,23.2776,25.3551,4.7177,7.5848,127376,1.0372,60.6154,0.42136,0.11725,21.2599,26.7479,146.4621,6.4343,7.6871,0.71012,17.0853,4.8711,0.7328,,1.0361,72.6578,422.6334,,0.73646,4.6132,0.30045,3.7355,901.4093,7.4373,,109.0832,0.42869,0.21618,,10.4479,1.7001,0.19419,1.5645,1.7097,6.6606,43.2034,61.9518,2.9795,1091873,316.6547,413.9935,90.7866,45.6367,62.4147,490.7504,10.6671,1287.7818,16982,163.6285,6.5856,0.043968,,59.6229,5.3816,1217,7728,18.5277,1.9309,0.46681,48781,0.22935,12.5919,10.4696,1.5316,11.2998,1.6805,0.90368,157.2664,0.50563,0.85738,2.6272,0.10626,,1.2897,3.0594,437.7575,0.1429,4.4043,8.0079,1.8865,0.03664,37.4954,1.8567,9.7801,1.8723,0.065952,2.81,179.8276,2.7267,36.3754,4.3353,0.75339,100.0086,0.003664,70.1365,44.3235,1.2787,32.0275,117.4907,0.21251,6.0757,3.9425,4.0315,26.1046,70.2147,319.4434,64.4874,41.2994,0.75539,,105.2611,1525.6442,0.50816,0.010992,0.19786,0.35907,0.065952,0.19786,0.15389,0.065952,326.5171,4.8049,55.7189,0.5496,0.56792,31.0926,42.3781,16.2892,0.16122,0.59357,404.1731,462.4073,336.8703,10.9521,8.2822,1.5383,1.0479,57.1777,44.6444,53.5814,241.6302,2.0622,3.6862,203.2374,0.16122,1.8047,0.11725,31.8987,20.9254,236.4839,44.5201,0.10259,0.010992,1.5767,307.0193,105.6185,571.5206,5991.1909,4.5278,126416,0.084272,191.4567,76.2771,0.025648,,17.0825,2.0756,10.6084
2004,0.90848,4.1623,87.8531,0.56059,18.7019,0.12091,0.42136,157.0336,3.6912,2.6161,383.2047,77.9208,32.0781,1.9712,17.8825,35945,1.2695,60.7729,128.8302,0.39205,2.4811,0.58258,0.29048,11.0183,0.25717,15.4625,3.8948,333.6751,0.16122,4.8731,49.5072,1.0999,0.19786,2.4439,3.8501,586.4688,0.32976,,0.2345,0.74746,59.0475,5125.8944,54.5692,0.1429,0.94898,0.047632,6798,7.3353,22.9248,24866,4.9498,7.8152,128.1102,1.1502,55.0691,0.4067,0.1429,18.0697,28.7858,149.1437,6.2537,7.0532,0.76501,17.2838,5.1586,0.74746,,1.34,68.9608,423.7102,,0.72547,4.6568,0.32243,4.2762,887.4579,7.1521,,109.53,0.58258,0.20518,,11.1797,1.7624,0.20152,1.6268,1.9604,7.2434,41.5683,60.4244,3.1012,1145.5454,339.8479,442.0897,113635,46128,58.6793,494.5906,10.5742,1283.0436,18.6695,170.1639,7438,0.047632,,63.1079,5.8068,1.2788,7738,17.2081,1.9822,0.54511,49.9558,0.22938,13.1674,11.8487,1.7148,11.1825,1.7894,0.91151,171.6946,0.66685,0.89035,2.5399,0.11725,,1385,3.0888,438.8567,0.1429,4.6134,8.5707,2.0403,0.03664,43.3622,1.8645,12.3712,1.9602,0.065952,2.6381,181.4489,2.5161,35961,4.3783,0.80824,98.6858,0.003664,71722,44.6456,2.1947,27.5912,129.9595,0.21618,5.7117,4.4847,4.0613,31.5555,72.7708,323.6023,67.2748,42.7103,0.95447,,104.2343,1530777,0.51513,0.010992,0.21251,0.35541,0.062288,0.21984,0.15022,0.07328,394.5848,4.9885,60.2133,0.73646,0.55326,28451,42.8671,16.6511,0.16122,0.59357,449.0787,478.6058,353.3687,12.1462,10.4679,1.5563,1.0406,56.4225,45.2287,50.3847,250.2593,2.5473,4.2317,218.5141,0.17587,1.7439,0.10992,33.34,21.9266,244.4641,46.4471,0.10259,0.010992,1.6806,310.3648,111.8016,573.0078,6105.4441,5.5638,125.5762,0.058624,151268,87.8003,0.025648,,18.6462,2.1042,9.4286
2005,1.3203,4.2502,106.4732,0.57525,19.0064,0.12824,0.42869,161.4248,4.3762,2.7187,386.5149,79.3949,34.2864,1.8283,19803,37.6766,1.3192,62.0561,125.5197,0.42136,2.3671,0.58258,0.37812,12.0705,0.25489,16046,4.0927,342.0865,0.17954,4.8695,50.5911,1.1218,0.15389,2.7736,3.5913,576.8586,0.43968,,0.2345,0.76578,60.9471,5771.1684,60.0596,0.13923,0.97145,0.05496,6.6872,7.4965,23.3838,25.8476,4.9059,8003,125.6713,1.4453,51.4976,0.41403,0.1429,18.3802,29.9701,165.0417,6298,7.5259,0.76127,17.1317,4.9551,0.72181,,1081,57.0429,427.0362,,0.78043,4.8579,0.3261,5017,866.6405,6.8034,,113.9251,0.60822,0.21618,,12108,1.8247,0.21251,1.4363,2.0474,7.4266,43.7313,60.51,2.9689,1210.1457,343.3365,463.5299,112.9804,48.12,56.5242,494458,10.3506,1290.3096,20.4361,183.7742,8.3387,0.058624,,71.1664,5.5136,1337,7.8128,16.6541,2.0115,0.65551,51.6963,0.22897,14092,12.1093,1.8283,11.2705,1.7254,0.90607,181.7549,0.6009,916,2.5964,0.11358,,1.4363,3.2939,463.9932,0.12091,4.9375,8.5737,1.7514,0.03664,45.5255,1.7707,11529,2.3083,0.062288,3.0516,177.5305,2809,37.5931,4.2697,0.70848,105.7571,0.003664,74.9187,43.9512,2.7407,29.4666,134.7562,0.21984,6.7411,4.3821,3.7799,36733,73.2713,322.4967,69.5541,50.6901,0.91447,,102.6607,1547.6927,0.51477,0.010992,0.19786,0.3664,0.065952,0.21984,0.16122,0.076944,395.8548,5.5396,51.6335,0.68883,0.46166,30.3343,42.8508,16.9482,0.16122,0.59357,415.9246,459342,368.0563,11.9352,10.0251,1589,1.0296,53.7849,45.7802,49.8809,255.8037,2.4211,5.3601,224.3461,0.17587,1.7216,0.11358,38.0603,22.2687,264.2008,48.2316,0.12091,0.010992,2.1046,313.1202,114.4775,569.6998,6130.5524,5.7258,116.8766,0.058624,163.8235,94.8591,0.029312,,19.7948,2.2421,10.6996
2006,1.6433,3.8948,100.2012,0.54594,22.1024,0.1429,0.44334,174.6175,4.4016,2715,392.6819,77061,39.1086,1777,19.4201,41.6892,1.3428,64.8685,123.8329,0.44334,3.7113,0.65219,0.37301,14.9208,0.26564,17.3868,4133,341.9464,0.1832,4.7376,51.8256,1.3562,0.18686,2.9972,3.7524,570.8113,0.47266,,0.24915,0.79142,63.9716,6377748,62.0045,0.16122,1.1066,0.047632,6.9653,6.8114,23.6029,26.3268,5.1129,8.1949,126.4473,1.5533,59.4177,0.41037,0.1429,19.4205,28.5246,176.0195,6.7169,8.1744,0.54493,16.4348,5.3169,0.67784,,1.2014,68.3844,416.0727,,0.78043,4.1424,0.35174,6.0961,878.0765,9.16,,112.4649,0.62654,0.23083,,12.1753,1.8906,0.21618,1.2897,2.0841,7.4607,41.9137,59.8503,3147,1287.1492,346.4433,503.7906,98.1811,47.5646,62.1489,489.0022,11.4234,1267.1578,20.5274,206.5156,9.3366,0.065952,,73.3891,5.4189,1.7525,8.3138,14.7925,2.0372,0.6725,52.6663,0.2311,14.4056,11938,1.6195,10.9297,1.6662,0.91785,178.9297,0.75845,1.0809,2.6042,0.12091,,1.4216,3.6274,476.5652,0.12091,5.0297,9.4058,2.0628,0.03664,47.3908,1.9148,12.7805,2.3303,0.043968,2.5294,172.7332,2706,37.4858,4.4178,0.68628,97.8094,0.003664,76.1728,44.4963,2.2644,39.0464,143.7268,0.22717,7.3671,4.3052,3.9087,28.2627,66.5219,335.5995,64.8285,63.1962,1.0003,,105.0451,1606.7217,0.51442,0.010992,0.20152,0.3664,0.065952,0.21984,0.16488,0.084272,431292,4.4218,60.8614,0.7328,0.61555,30.7739,42.6141,17.1423,0.16488,0.59357,446.6226,465.6059,359.3021,11.7937,10.9818,1.7391,1.0296,53.6127,45.3659,52.8404,248.9644,2.6341,5879,227.7169,0.17954,1.5005,0.12824,42.5606,22.6025,281.6492,49.3721,0.1429,0.007328,2.4686,332.6726,121.7372,567.2357,6050.3846,6.5961,119.6984,0.047632,169668,99.1304,0.029312,,21.0851,2.2317,10.3649
2007,2.2683,3.9241,108.4,0.53861,24.9761,0.15022,0.46899,174.2329,5.1002,2.8213,400.4154,74469,30.4584,1.7954,26.7701,42.6421,1.3628,64.2712,120.4449,0.47632,4.3196,0.72914,0.37203,12.1768,0.29905,17.4743,4.2283,356.9188,0.18686,8.31,55.6373,1.5906,0.18686,3.4525,5.7019,594.7321,0.50563,,0.25282,0.85371,70.7069,6861.7507,61.4063,0.10259,1.2013,0.047632,7.8917,6.5366,24919,25762,5.7559,8.5107,128.2609,1.6962,54644,0.46166,0.1832,20.7564,31.5306,185.9052,6.8459,7.8593,0.55935,20.0668,5.8393,0.68883,,1.1411,66.7604,405.5712,,0.76578,4.0893,0.35174,6.3648,851.4185,9.6193,,114.5826,0.63754,0.23816,,12.1446,1.9676,0.23083,1.5609,2361,8.5984,43.5724,58.5525,3494,1390.2535,376.8653,513.3138,61.4918,47.6359,62.7999,479.0785,9.6171,1302.8943,21.4371,213.0139,9.5403,0.058624,,74.8748,6.5183,1.8308,8.6358,13.7499,2.0738,0.6277,49.3397,0.20077,15.7705,11.3325,1363,9.4861,1.7834,0.96885,182832,0.78043,1.2971,2.6829,0.12458,,1.6378,3686,479.7868,0.1319,4.9786,12.0787,2.0555,0.040304,50.2302,2.1873,12.7951,2.3596,0.043968,2.5783,172.5986,2928,36.5768,4.5504,0.71688,94.2691,0.003664,63.4792,46.2391,2323,43.6333,155.8442,0.25282,7.1963,6.1152,4.0416,34.5236,70.7641,335.5539,62329,62.8994,1.1761,,106.8881,1604.7777,0.54213,0.010992,0.21618,0.38472,0.065952,0.22717,0.17221,0.084272,386.5071,4.8266,59.6302,0.6412,0.51662,19.9102,41004,17.2789,0.17954,0.60822,464.8003,493.3534,367.2229,12.1513,12.9013,1.7569,1.0772,52.7564,43.3604,65.7185,273.7339,3.2043,5.7104,230.7618,0.1832,1.5168,0.11358,45.3492,23.6843,312.7367,55.8901,0.16488,0.010992,2.8153,336.3664,133.2637,558.9588,6127.8882,5.9465,119.4173,0.098928,161.2384,100.5774,0.029312,,20719,1.8676,9834
2008,4.1983,4.3712,109.0318,0.53861,25486,0.15022,0.47998,188.0412,5.5748,2.6564,405.0485,73727,35.4506,2.3596,29.6824,45.3009,1.6123,66417,120.3521,0.43602,4.2548,0.64853,0.40064,13.0407,0.28765,19.9586,4.5031,380.3447,0.19053,8.9915,53.9739,1.7345,0.19053,3805,5.4262,575454,0.46899,,0.25282,0.92699,70.8187,7375.1899,67.2619,0.10626,1.2963,0.047632,7.9105,6.5915,23.6599,27.7472,5.5363,8.6763,122.9738,1.8108,51231,0.4983,0.16488,20269,33.3249,195.2854,6405,6423,0.40169,17.8708,6.4164,0.63021,,0.87776,58.6125,399.2766,,0.79142,4151,0.3664,5.3082,853.7714,8.9259,,111.1125,0.65952,0.25282,,10.8931,1.9969,0.22717,1.5572,2.3658,8.4847,42.7907,57455,3795,1547.9908,417.5618,534.9101,92167,47316,67.9801,467472,9.9369,1232.2319,20.7179,213.1668,9.9117,0.065952,7.4489,82.2983,7.5482,2.1265,8.1971,17.4191,2.1251,0.53507,55.3414,0.21951,15.0877,11.1993,1.1322,9.3945,1.8686,1087,202498,0.84272,1.5572,2.7588,0.12824,,1.7734,3.7666,492.9797,0.10992,5.1904,12.0167,2.6051,0.047632,52.8605,2.1798,9.7225,3.3232,0.043968,3.3843,175.5238,2849,37.5932,4.3653,0.80306,94772,0.007328,70.3281,45.3821,2.0518,42.1107,155.3562,0.20518,7.3136,4.7925,4278,40.6693,77.2999,328.7656,59975,64.2571,1.2418,,105189,1637.2004,0.52782,0.010992,0.21618,0.39571,0.065952,0.22717,0.17954,0.084272,432.3364,4739,51.6801,0.6925,0.53494,36.1051,41.4039,18.2157,0.17954,0.6009,494.6422,505.7826,335.6787,11.9878,13631,1.9357,1.1102,50.6412,44.7073,66.8774,260.0728,2.8816,5.9374,228.1163,0.20152,1.5228,0.12091,44.2524,24.3333,309.3212,56.6657,0.17221,0.010992,3.0523,325535,153.9685,544.5414,5928.2563,8.2007,123.3356,0.095264,179.5722,113.2445,0.021984,,22025,2.1056,7.7189
2009,6.7603,4.3748,120.1859,0.51662,27.5655,0.14656,0.5093,178.8674,4.3633,2.6271,408.3449,67.7238,31.8566,1.6048,28.0975,49.1481,1.5972,61.9622,107.6993,0.58624,4.5079,0.47632,0.3678,13.6293,0.29433,20.5371,3.8555,360.0908,0.19053,7.7457,45.7064,1.8302,0.19053,4.5663,6595,543.0679,0.52395,,0.25282,0.94165,65.9199,7758.8118,72.5567,0.1319,1.7242,0.043968,7.6793,5.5143,21.8489,28.0161,5.6649,8.4273,115.2237,1.6953,48837,458,0.16122,19.8137,35.5032,202.7097,6.3126,6.7711,0.49697,14.6099,6477,0.57525,,0.77856,55.9231,382.1656,,0.79509,4.2219,0.38106,6.1349,788.9235,7.4979,,104.3405,0.57525,0.25282,,11442,2.1105,0.2345,1.5645,2237,7.6811,41.5798,51.8009,3.7311,1720.1206,447.0989,546885,103.4891,42.1095,63.8609,416.6752,7.6152,1162.9613,21.3363,208.3373,11.9677,0.05496,8.1854,86.9549,6.7374,2.6643,7.4573,20958,2.2167,0.47532,57.1956,0.20535,12.8314,10.6523,1.8906,8691,1.7539,1.0945,196.9484,0.88302,1.7844,2.5307,0.1319,,1.9602,3708,475.9031,0.14656,4.5395,13074,1.6818,0.047632,52.5901,2.4399,10.1555,3.0668,0.040304,4.1911,170.1855,2.9332,34.7723,4.4448,0.9623,74.8849,0.003664,53.5653,43.8906,2.0885,40.5146,155219,0.19786,8.4194,5.0893,4.5315,51.2073,76.4925,315.3414,57.1393,68.5969,1.2958,,87.6014,1529.2281,0.55819,0.010992,0.2235,0.38472,0.065952,0.31144,0.18686,0.0916,465.8443,4343,45.8582,0.52395,0.53494,58.5947,37.6539,16.3247,0.17954,0.59723,502.2595,506.7644,296.5972,12.9435,14.1828,1.9953,1.0662,47.0683,43.5287,61.5623,246.9069,2431,5.6939,243.2792,0.22717,2.7408,0.1319,44769,24.3216,315.3596,50.1708,0.17954,0.010992,3.2467,277.2953,165.5003,494.0649,5493.5479,7.9473,106.5339,0.12091,180.1202,122.8329,0.029312,,24.2512,2.4063,5.5195
2010,8.4522,4.5947,117814,0.51662,28.8645,0.15022,0.52395,186.6718,4.2527,2.5062,406.4259,72.2283,30.6329,2.3853,29.0749,53.9916,1464,63.8833,113.8141,0.53861,4.9389,0.60822,0.46416,14.9268,0.20274,21.1457,4.5363,411.2402,0.19786,8.0608,47.7943,2.0368,0.30778,5.0305,6662,556.4202,0.55693,,0.26381,0.99661,71.3297,8500.5427,76.2784,0.16122,1.9621,0.051296,7.4281,6.0639,21.0645,33.9146,3.9021,8.0626,117.4598,1.9632,49.1687,0.51662,0.17221,20.5744,35.8841,198.8077,6317,6.8883,497,19.0156,6.3371,0.63021,,1.2012,64.0972,389834,,0.80242,4.7713,0.43235,6.2091,832.3877,9.7107,,97343,0.66318,0.26014,,11.0977,2.4842,0.23816,1.7184,2.0934,7.9289,40.0637,52.1381,3.6209,1700.0274,428.1743,564.0345,110.9853,41.6776,68.2869,426351,7124,1214.4238,20.6143,236.2615,11746,0.058624,8.4199,89.2722,6.3129,3.0003,8554,19.9972,2.2753,0.76115,61.1217,0.19081,13.7132,11.2174,1.2348,8.5957,1.9383,1.0264,216.5373,0.93432,1.9749,2.5323,0.13557,,1.9602,3.9132,463.7825,0.10259,4.8309,13.82,2.4219,0.065952,56.2,2.6339,13.0838,3.0961,0.043968,4894,182.1861,3.5572,34.9968,4469,1.1692,112.9296,0.003664,50.0237,46.2292,2.0335,46.7501,165.8292,0.20885,9.0727,4.6606,5.0218,57.1505,82.9512,333.4607,52.9368,71.9199,1.3273,,84.0218,1613523,0.57335,0.010992,0.21984,0.40304,0.069616,0.21984,0.18686,0.098928,517.7159,7.2801,45.6964,0.44334,0.57525,58.2723,38.4994,16.3687,0.18686,0.61189,468.8353,565.9608,283.1085,13.0503,14.3819,2.3954,1.0589,52845,45.0432,60.7164,264.8196,2.5104,6.8407,256.4222,0.2345,2.5957,0.11725,47.8087,27.1025,314.38,57.1089,0.1832,0.007328,3.7652,294.0789,155.9772,511.8314,5700.1083,6.2967,103.5815,0.12091,189.4691,136.1131,0.029312,,23.1519,2.5626,7.7067
2011,12226,5.2359,119.8069,0.49098,30.3297,0.1429,0.51296,190.2369,4.9689,2.4988,404.2637,70.1426,32.9757,1799,28.6367,56.5563,1.5157,62.8227,104.3192,0.6009,4.8868,0.44334,0.66746,16.0051,0.25864,23.7613,4.0287,429.9594,0.20152,9.5447,53.1183,2.1302,0.42076,5.1053,6.1619,566.6745,0.61555,,0.27846,0.82074,78.0838,9388.1992,76.0797,0.13557,2.2412,0.058624,7.2181,6.3424,20699,29.1693,4978,7.7491,115.0055,2.4387,44.2113,0.47266,0.15389,21.3192,35.8484,213.4773,6.5005,9.3908,0.56017,19.0978,6.8891,0.56792,,1.0679,56.5787,365.2344,,0.7731,4.92,0.44701,7.8037,809.7485,11.2262,,94.5317,0.70715,0.25282,,11.2384,2.5941,0.24549,1.7807,2.0866,8.6085,43.1496,50.3755,3.4864,1811.9614,508.0733,579.04,135274,38.0005,68.5947,413.9442,7.6694,1264.5182,21.2438,226.7716,12.9281,0.05496,8.3612,86.2626,7.5535,3167,7.8095,20.2641,2.3266,0.85167,39.2646,0.17678,14.0659,11.1131,1.4557,9.2992,2.3769,1.1399,217.4274,0.98562,2.1581,2.6115,0.13923,,2.1105,3.9168,484.1648,0.11725,4945,21.4265,2.4072,0.040304,56.7116,3.1074,15.0679,2.7648,0.040304,5.2765,169.1106,3.5401,34.3137,4.8053,1.3224,130.1876,0.007328,36.1844,45.5119,2246,53.2632,167.9735,0.21618,9.9522,5.2249,5.1987,48.9588,83.7436,333.0114,51.7367,79.6476,1.3038,,89.7373,1667.0308,0.64702,0.010992,0.23083,0.4067,0.069616,0.19786,0.20152,0.10259,497659,7.8192,48.9571,0.3261,0.74379,46.7233,38.0661,16.3541,0.1832,0.61189,475.8139,588.4039,284.0413,14.8866,13.9934,1.7949,1.0736,48895,40.9787,56.1393,266.4852,2.3164,7.8071,253.8007,0.24549,2.5039,0.10259,46807,25.5243,339.4823,62.1823,0.1832,0.007328,4.0678,307.9585,169.1749,469.6095,5572.5848,7.6538,113.0454,0.1319,170.4001,145.0478,0.025648,,20.1907,2.7815,9.4985
2012,10.7421,4.9208,128.11,0.48731,33.8006,0.1429,0.52395,191.7152,5.7483,1.3484,406987,67.5771,35.0484,1.9053,27.3276,60.6913,1.4595,63.7066,101.5146,0.47632,4.6387,0.3664,0.7724,18.5114,0.31144,22.1363,5.0766,460098,0.20152,9.4935,48269,2.62,0.37994,5.3335,5.8724,570.1576,0.50563,,0.29312,0.90346,79.7038,9633.8993,79.7272,0.1429,2.9434,0.062288,7.1783,8.3393,19.1159,29.5222,5.9943,7.2167,110.9048,2.3558,39.8358,0.47998,0.16488,21.4937,31.8509,215.0302,6.5057,6.9799,0.61843,17.9359,8.0996,0.5899,,1.0411,51.2221,365.8448,,0.75112,5.0296,0.45434,8.2511,814138,14.3164,,91.4178,0.56792,0.27114,,11.5586,2.4219,0.25282,1.9932,2.1903,8.9667,42.7426,46.8297,3.4887,1979.0469,526.3831,600684,152.8147,38.1789,74.7846,392.6298,7.3266,1305.8856,23.8132,233.6955,11.9868,0.051296,7.9362,100073,9.9998,3.3978,7.5198,22.3573,2.3963,0.96379,52.4087,0.18531,14136,10.8475,1.2912,8.8083,2.7399,1.1333,215.8124,1.1102,2.2973,2.7713,0.13557,,2.3303,3.9644,496.2995,0.12458,4.7657,35.0309,2.2131,0.043968,59.0277,2.9808,11.9028,3.3638,0.040304,5.5219,165.8782,3.6379,35.9858,4.5452,1.7539,117.0558,0.007328,37566,45.0222,2.1984,58.6906,166.3298,0.21618,9.7676,4.9757,5.1732,54.1558,88.4068,325.5175,49.9147,93.2194,1.33,,86.5339,1679.3852,0.71846,0.010992,0.21984,0.4067,0.069616,0.25282,0.19786,0.11358,563.1795,7.3629,43.7245,0.42136,0.86104,49.9513,35.9793,15.8126,0.1832,0.60822,462949,583.6318,278.6456,15798,14.2236,2.2517,1.2348,46.3235,42.2481,43.7901,255.4766,2.9041,9238,270.1746,0.29312,2.2156,0.10626,45.3105,26.3064,353.6662,64.5329,0.1832,0.010992,3879,303.9647,217.3543,487.6334,5371.7772,8593,115.1219,0.11358,190.9743,135.6859,0.025648,,18.2675,3.4891,7.6952
2013,9.0368,4.9098,132.4346,0.47632,33.2285,0.11725,0.52395,192.2754,5535,0.86104,398.0516,68.1612,35046,2.8689,31.1869,61.7817,1.4383,64.4623,101579,0.51296,4.8832,0.5093,0.85341,18.8072,0.32243,21801,5.6629,495.0468,0.20152,7.6284,42.5656,2.8642,0.39914,5.4758,4.8636,577.3464,0.4983,,0.28579,0.94438,81.6915,9796.5272,91.8428,0.17587,3208,0.062288,7.5521,9.5264,18.4547,27.7483,5.2102,6.5383,106.3766,3.5381,41.7344,0.55554,0.16854,20.9907,40.7065,209.4401,6.0936,7.6944,0.62733,19.6981,9912,0.67784,,1316,51.7569,366.8519,,0.75845,5.2577,0.43235,8.0087,831.5704,14.1798,,81.7226,0.55326,0.30411,,12.5823,2.1105,0.25648,1.9346,2.2934,9.2227,44.3056,43.7797,3.4818,1994101,411.1911,608.7101,163.6767,37.1659,64.9675,364.0891,7.9463,1315.0771,23.8126,240.1361,12.7703,0.051296,8.0681,94.2936,9.6585,4.0066,7.3851,22.1964,2.4219,0.87683,56.0023,0.19254,13.1063,10297,1204,7852,3.1445,1.1623,234.4188,1.0919,2.6486,2.4382,0.13923,,2.0445,4067,490.1297,0.13557,4.8994,43.5588,2.1508,0.051296,58.7347,4057,12.9435,2.6012,0.043968,6.2847,165.7644,3.8445,35.3104,4.3514,1.8911,122.0463,0.007328,27.0146,44.9466,2.4366,61.1208,171065,0.21984,11366,5.1552,5.1721,45.6553,95.8695,321.2727,48.1132,84.1525,1.4473,,77.1799,1618.4343,0.78221,0.010992,0.2235,0.4067,0.07328,0.20885,0.19786,0.11358,540.8052,7.8607,44.5458,0.32976,1.0332,56.0665,35.5704,15.1788,0.19419,0.63021,457.4415,591.5399,251.9728,14.6781,15.0763,2.0927,1.5242,44.7376,43.1789,35809,257.7077,2.8692,10.9121,284.0423,0.44334,2.1335,0.11358,46.4119,26.8655,345.2206,66.3741,0.18686,0.010992,4.1836,297295,218.1317,477.7513,5522.9084,7.4898,102.6549,0.10626,182.8501,140.4389,0.021984,,24.9767,3.7561,11.6315
2014,8.4499,5485,143.1881,0.46166,44.2489,0.13923,0.52762,194.4312,5.5599,0.87203,393.2885,64.4674,36.8141,2.3486,31.1479,65.9786,1.2441,63.7941,95.9065,0.49464,5.2167,0.64853,0.95653,19966,0.32243,19311,6.8501,523.8941,0.21251,8.9255,45.0902,2912,0.37649,6.5164,6.6488,577.3596,0.49098,,0.28946,0.97827,77.4154,9820.3605,85.7165,0.15389,3.1034,0.065952,7.6713,9.7389,17.7081,27426,5.8771,6.9212,104.0145,4.6313,37535,0.59314,0.17587,21.5721,45.4284,222.7479,6.1695,7.3024,0.67903,18.9038,11.8232,0.59723,,1.6228,47.6569,335.4153,,0.73646,5.3014,0.51296,8.7835,792.7932,14.7545,,78.6499,0.50563,0.2345,,13.5544,2.1654,0.27114,2.0079,2.7847,9.3128,45.4906,43.9252,3.4617,2199.4,366.8426,641.9164,165.1506,36.6708,61832,348.5475,7.2871,1264.8804,25.8939,256.6718,13.7731,0.058624,7.2547,87.7321,10.0946,4.3293,7.1883,23.7038,2.4292,1.1912,58.6653,0.16111,12.8738,9.8252,1507,7.5332,3.2707,1.0214,241.1278,1.3154,2.9055,2.4261,0.1429,,2.4988,4.2063,481.1288,0.13557,4741,29586,2.1068,0.047632,59.6427,8.2593,16.1805,3.7088,0.047632,7662,158.8271,4.8721,35.6222,4598,2.0494,127.8077,0.010992,30.5442,44.8905,2.8359,60.4098,178.5352,0.2235,10.8558,5.7708,5.4582,50.1782,101.9699,308.7987,47.9839,105.9759,1.5352,,77.5464,1617.6782,0.81274,0.010992,0.23083,0.4067,0.076944,0.21984,0.20885,0.11358,601.8961,8.8263,37.1891,0.48731,1.1395,56.5978,33.6383,13.5243,0.19419,0.63021,482.7641,586.5479,254.5185,17.6899,15.4394,2.2278,0.90134,43.1756,39.2292,30.1121,261.2435,4.4929,11.2413,277.9791,0.51296,2.1758,0.11358,46136,27.8922,361.6755,68.0321,0.19786,0.010992,4.5334,257588,222.9777,438.8742,5572.1063,6.6561,104.4808,0.15389,184.1364,160.0818,0.021984,,24.1852,4.2557,11.9616
2015,9.0195,4613,150704,0.46533,33979,0.15389,0.54594,199.8593,4.8344,0.89768,402.5376,66.7329,37.0739,2.0152,32.6721,72.8346,1.2442,59291,99.7533,0.57891,5.8607,0.55693,0.97354,19.6958,0.3261,18.4607,5.4248,495.2136,0.21251,6.9543,48.0948,3.2976,0.39173,8.4463,7.7438,576.7569,0.49464,,0.29312,0.97827,81.6259,9716.4678,93084,0.16854,3.1506,0.062288,7.3302,9.4055,17.8407,29.0528,6.39,6.9463,104.7864,2.7919,35.2042,0.60699,0.17587,23543,42.6219,219304,6.7337,6.0236,0.67049,15891,12.8758,0.60822,,2.1304,44.1239,341.1059,,0.76578,5.2415,0.52395,9585,795.9395,16.1147,,74959,0.5093,0.26014,,15.4339,2.4512,0.27846,2.0045,2.9092,9.8222,42.3909,46677,3.5334,2298.1701,507.0121,640.8112,165.6464,38.4293,64.9461,355.7846,7.5814,1224.5385,25.5008,263.5895,16.3007,0.062288,8.4016,92.2822,10.2775,8.8058,7.2788,24099,2345,1205,56.3954,0.15893,13132,9.3309,2.0181,7.0935,3.6151,1.1195,233.2682,1.3007,3.0956,1.7176,0.1429,,2.4622,4.2099,481.9746,0.1429,4.7851,23.2436,2.2387,0.058624,61.0278,6.3055,22.1752,3.9553,0.047632,6.0138,166.4508,4.7357,35.8389,5.2502,2.0205,113.5062,0.007328,24.6207,45.3035,3.0045,64.5426,184.5016,0.2235,10877,7.3756,6051,51.5102,114.2453,312.3728,52.1758,105.7854,1.9419,,77.7702,1622.4979,0.92648,0.010992,0.2345,0.41037,0.076944,0.21984,0.2345,0.11358,620883,10.1175,43.7471,0.49098,0.90501,61.4013,34.4669,13.6121,0.19053,0.63021,462.3,595.3939,271.0997,19.8301,19.3895,1.7068,0.98195,43.0568,38.7281,28.6755,257.1564,4.8482,12.5758,281.2669,0.50197,2.7011,0.12091,46125,29.2746,381.3319,70.2309,0.20518,0.010992,5.0793,223.9101,191.6249,422.4128,5422.9657,6.6184,102.1503,0.1319,170.8994,180.3063,0.021984,,12.6986,4.2958,12.1631
2016,8.6534,4.5324,147.5786,0.46899,34.1109,0.15389,0.55693,200.0388,5.1734,0.88302,413.1574,67.3149,37.1648,1.7844,31.4597,76004,1.2661,60942,98.4215,0.56792,6271,0.61189,1.1506,21.2136,0.32976,21.7329,6.3334,454.1947,0.21251,7.5441,45.2579,3.3814,0.48323,9724,7.9957,564.0684,0.54227,,0.29678,0.99292,84.1427,9704.4794,96.8324,0.20152,3.1742,0.062288,7.8396,7.8703,18.0825,28.0953,5.3861,7.3518,106.5991,1996,37.0194,0.59966,0.17954,24.6657,40.5383,233.1712,7.0525,5.6499,0.68881,17.4775,13.9375,0.63021,,2.0188,47.2412,342.9555,,0.76944,5.2912,0.53128,9.9089,801.6548,16.2132,,71.3674,0.5093,0.26747,,16.3756,2.7443,0.29312,2.3403,2.9532,9617,43.3875,47.4303,3.49,2371.7523,560679,652.9704,188.4145,39.8947,63.8889,353.4873,8.1598,1206.1657,24.3717,267.6929,17.1519,0.065952,8.9365,98057,9.6403,17515,7.2323,24.4363,2.5098,1.3581,50.0461,0.14889,13.1212,9076,1.9961,7.0459,3.8753,1.2629,246.7224,1.4436,3.1066,1.4134,0.1429,,2.2973,4.3455,485.4241,0.1429,4.8962,25.3239,2.0152,0.029312,61.0315,7726,24.9558,4.1932,0.047632,8.8411,166387,5.3118,34.26,5.5103,2.0095,117.8325,0.007328,27.4666,44.4625,3.2316,62.6602,196.6642,0.2235,10463,7.4306,7.1538,56.3173,119.2983,323.0504,50.3751,102.2057,1.7257,,75.7976,1617.6528,1.0469,0.010992,0.23816,0.41403,0.076944,0.21984,0.24549,0.12091,631.5492,10.3829,45.0357,0.60456,0.93066,37.5047,34.8935,14.4137,0.16854,0.64486,474.9811,617.9601,260289,23.0284,19.5385,1.7214,1.1542,42.5825,39.1865,28.5082,265.2838,5.1587,11.6084,280371,0.49464,3.0638,0.12824,43.7527,29.0081,401.2397,70.1638,0.21618,0.010992,5.3993,234.2037,203.1738,399.8389,5306.6625,6.6828,91.0055,0.14656,163.2089,183491,0.025648,,10.2426,4.8378,10.8074
2017,8.9711,4.6514,147.2229,0.48225,34112,0.15523,0.56179,199552,5.0056,0.89074,417.0413,69.9788,36.6521,1.7996,31.82,78.8844,1.2695,62.6992,97.5636,0.56642,6.9027,0.61723,1.1776,21712,0.33264,21781,6.9121,463.8396,0.21437,7595,47.4016,3.7571,0.50829,10.0182,8.0042,571.1389,0.60468,,0.29624,0.99125,83.4417,9838754,93.1464,0.21228,3.1809,0.063947,7.8151,7.9879,18.7168,28.1034,5.4052,7.5282,105.6073,1.9889,34.7946,0.62802,0.1811,24.4038,39.5586,237.0178,7.0348,5.7253,0.72148,18.6545,14.6214,0.64803,,2.0703,44.7049,346.5335,,0.78993,5.3134,0.58766,10.6569,797.9664,17.6415,,74.8448,0.52369,0.26676,,16.2129,3.0601,0.32685,2.3473,2.9783,9.5839,43.1827,49646,3.6145,2456.9545,584.0755,685.9447,187.4042,38.7276,64.6889,348.9914,8.1736,1188.1225,24.1755,283.2911,18.0567,0.067708,8.9295,97.6147,9.4579,18.2268,7.2352,24.0628,2.7852,1.5036,52.3307,0.15514,13407,9.2435,2.0427,7.3495,4.1772,1.3483,246.3115,1.4821,3.4359,1.6087,0.1467,,2.5617,4.7407,492.7695,0.1467,4.8038,26.4136,2.0279,0.029568,63.6891,8.0159,25407,4.2244,0.048901,9.1044,164.4784,5.4988,36.0237,5.4964,2.2276,122.7787,0.0075232,28.5451,43.7022,3.1847,63.6683,211.5124,0.22946,10.4128,7.5875,7.1711,52.6729,131024,336.5911,54.6646,108.3624,1.8179,,74.9979,1647.0411,1.0921,0.011088,0.24024,0.41765,0.077616,0.22176,0.25203,0.12069,633.0693,11.3125,45.6462,0.63683,1.0378,40.5765,36.0336,14.2594,0.17303,0.67929,462.8125,640585,274.4272,24.4797,20.4984,1.7235,1.2115,42.0499,38.1717,28.3277,274.5683,5.1538,12.1215,285.1533,0.50781,3.32,0.13166,43.4188,30.4843,425.3296,73.1378,0.21807,0.011285,5.6359,223.22,200.0399,387.3873,5270.7485,6.7023,93.2931,0.15046,153.6531,184.7271,0.026331,,10.1072,5.1216,12.0259
2018,9.4388,4.57,155.7253,0.47091,34.5372,0.15635,0.56584,195.5314,5.5711,0.89715,420.2209,68.8699,36788,1.8126,31.0589,85.6925,1.2827,65.4561,99.6652,0.5745,7.1492,0.62167,1214,22262,0.33503,21.6723,6.6661,457.1904,0.21591,7.9295,44.5112,3.8989,0.52164,10.3962,8.1372,568.4122,0.62823,,0.3037,1.0143,85.8766,10064.6857,97.2694,0.21841,3.2311,0.065711,8.0585,8.3906,18.6001,28.6168,5.4821,7.4906,105.9451,2.0369,34.8097,0.6442,0.18241,24.8573,41.9154,238.8157,7.1302,5.6874,0.74011,19.5591,14.9355,0.63278,,2.1251,46.9891,337.9134,,0.81172,5.3583,0.61063,10.5598,759.0019,18.2984,,73.8868,0.51138,0.27059,,18365,3.1793,0.33958,2.4309,2.9992,9.9155,43.1444,49.8568,3.6306,2654101,614.9164,720.4144,204.1749,38.9311,64.2638,338.0267,8.1907,1161.9811,24.0864,321.7868,18.4862,0.069576,8.8868,98.0619,10.0812,19.3198,7.1906,24.2271,2.6593,1.5585,54.0157,0.15271,13.5545,9.5817,2.0932,7.2684,4.2813,1.3809,254.5265,1.5229,3.5602,1.5834,0.15075,,2.6615,4855,477.3222,0.15075,5.1272,28.1127,2.0084,0.029781,66.3098,8286,26.3346,4.2724,0.050249,9.4478,161624,5.7565,34.7658,5.5714,2.3191,127.2942,0.0077307,30.2186,44.3263,3.2095,67.2911,223.5404,0.23579,10.9382,7.8379,7.4312,55.5314,135.0691,343538,50.9254,105.6229,1.8704,,74.0607,1710.6882,1.1224,0.011168,0.24197,0.42065,0.078175,0.22336,0.25898,0.12373,621.3021,11.7109,45.4441,0.65524,1.0782,40.8616,36.0283,14.4318,0.17781,0.69893,467.5621,658.7877,268.2338,23.3685,21.0461,1.7868,1.1987,41.0269,36.8734,28.2768,274643,5.4846,12.4989,288.2292,0.52182,3418,0.13529,43.4771,31.5766,428.1796,79.8937,0.21963,0.011596,5771,225.0182,205.6023,379.0399,5416.2779,6.9439,91.2652,0.15461,138.7646,206.6609,0.027057,,10.1406,5228,12.2627
